name,url
The Council,https://gocdkeys.com/en/buy-the-council-pc-cd-key
Stoneshard,https://gocdkeys.com/en/buy-stoneshard-pc-cd-key
Dying Light 2 Stay Human,https://gocdkeys.com/en/buy-dying-light-2-stay-human-pc-cd-key
Spelunky 2,https://gocdkeys.com/en/buy-spelunky-2-pc-cd-key
Visage,https://gocdkeys.com/en/buy-visage-pc-cd-key
Praey for the Gods,https://gocdkeys.com/en/buy-praey-for-the-gods-pc-cd-key
Satisfactory,https://gocdkeys.com/en/buy-satisfactory-pc-cd-key
GTFO,https://gocdkeys.com/en/buy-gtfo-pc-cd-key
GreedFall,https://gocdkeys.com/en/buy-greedfall-pc-cd-key
Gone Viral,https://gocdkeys.com/en/buy-gone-viral-pc-cd-key
Journey,https://gocdkeys.com/en/buy-journey-pc-cd-key
The Hand of Merlin,https://gocdkeys.com/en/buy-the-hand-of-merlin-pc-cd-key
Star Renegades,https://gocdkeys.com/en/buy-star-renegades-pc-cd-key
The Colonists,https://gocdkeys.com/en/buy-the-colonists-pc-cd-key
They Are Billions,https://gocdkeys.com/en/buy-they-are-billions-pc-cd-key
Foundation,https://gocdkeys.com/en/buy-foundation-pc-cd-key
ELDERBORN,https://gocdkeys.com/en/buy-elderborn-pc-cd-key
Breathedge,https://gocdkeys.com/en/buy-breathedge-pc-cd-key
Infliction,https://gocdkeys.com/en/buy-infliction-pc-cd-key
Drake Hollow,https://gocdkeys.com/en/buy-drake-hollow-pc-cd-key
The Riftbreaker,https://gocdkeys.com/en/buy-the-riftbreaker-pc-cd-key
Outer Wilds,https://gocdkeys.com/en/buy-outer-wilds-pc-cd-key
Temtem,https://gocdkeys.com/en/buy-temtem-pc-cd-key
Wildermyth,https://gocdkeys.com/en/buy-wildermyth-pc-cd-key
Tales of Arise,https://gocdkeys.com/en/buy-tales-of-arise-pc-cd-key
Rogue Heroes: Ruins of Tasos,https://gocdkeys.com/en/buy-rogue-heroes-ruins-of-tasos-pc-cd-key
Othercide,https://gocdkeys.com/en/buy-othercide-pc-cd-key
Maid of Sker,https://gocdkeys.com/en/buy-maid-of-sker-pc-cd-key
Gloomhaven,https://gocdkeys.com/en/buy-gloomhaven-pc-cd-key
Tribes of Midgard,https://gocdkeys.com/en/buy-tribes-of-midgard-pc-cd-key
Batbarian: Testament of the Primordials,https://gocdkeys.com/en/buy-batbarian-testament-of-the-primordials-pc-cd-key
SCARLET NEXUS,https://gocdkeys.com/en/buy-scarlet-nexus-pc-cd-key
Factory Town,https://gocdkeys.com/en/buy-factory-town-pc-cd-key
Noita,https://gocdkeys.com/en/buy-noita-pc-cd-key
Valheim,https://gocdkeys.com/en/buy-valheim-pc-cd-key
Fates of Ort,https://gocdkeys.com/en/buy-fates-of-ort-pc-cd-key
Apsulov: End of Gods,https://gocdkeys.com/en/buy-apsulov-end-of-gods-pc-cd-key
Sparklite,https://gocdkeys.com/en/buy-sparklite-pc-cd-key
Operencia: The Stolen Sun,https://gocdkeys.com/en/buy-operencia-the-stolen-sun-pc-cd-key
Beyond: Two Souls,https://gocdkeys.com/en/buy-beyond-two-souls-pc-cd-key
Endzone - A World Apart,https://gocdkeys.com/en/buy-endzone-a-world-apart-pc-cd-key
Heavy Rain,https://gocdkeys.com/en/buy-heavy-rain-pc-cd-key
Root,https://gocdkeys.com/en/buy-root-pc-cd-key
The Last Campfire,https://gocdkeys.com/en/buy-the-last-campfire-pc-cd-key
Amnesia: Rebirth,https://gocdkeys.com/en/buy-amnesia-rebirth-pc-cd-key
Gordian Quest,https://gocdkeys.com/en/buy-gordian-quest-pc-cd-key
Going Medieval,https://gocdkeys.com/en/buy-going-medieval-pc-cd-key
Journey To The Savage Planet,https://gocdkeys.com/en/buy-journey-to-the-savage-planet-pc-cd-key
Lust from Beyond,https://gocdkeys.com/en/buy-lust-from-beyond-pc-cd-key
Dandy Ace,https://gocdkeys.com/en/buy-dandy-ace-pc-cd-key
Dreamscaper,https://gocdkeys.com/en/buy-dreamscaper-pc-cd-key
Digimon Story Cyber Sleuth: Complete Edition,https://gocdkeys.com/en/buy-digimon-story-cyber-sleuth-complete-edition-pc-cd-key
Pirates Outlaws,https://gocdkeys.com/en/buy-pirates-outlaws-pc-cd-key
ARCANIUM: Rise of Akhan,https://gocdkeys.com/en/buy-arcanium-rise-of-akhan-pc-cd-key
New World,https://gocdkeys.com/en/buy-new-world-pc-cd-key
Superliminal,https://gocdkeys.com/en/buy-superliminal-pc-cd-key
Nigate Tale,https://gocdkeys.com/en/buy-nigate-tale-pc-cd-key
Banners of Ruin,https://gocdkeys.com/en/buy-banners-of-ruin-pc-cd-key
Skellboy Refractured,https://gocdkeys.com/en/buy-skellboy-refractured-pc-cd-key
Dungeon Defenders: Awakened,https://gocdkeys.com/en/buy-dungeon-defenders-awakened-pc-cd-key
The Slormancer,https://gocdkeys.com/en/buy-the-slormancer-pc-cd-key
Solasta: Crown of the Magister,https://gocdkeys.com/en/buy-solasta-crown-of-the-magister-pc-cd-key
The Last Spell,https://gocdkeys.com/en/buy-the-last-spell-pc-cd-key
As Far As The Eye,https://gocdkeys.com/en/buy-as-far-as-the-eye-pc-cd-key
Persona 4 Golden,https://gocdkeys.com/en/buy-persona-4-golden-pc-cd-key
Morbid: The Seven Acolytes,https://gocdkeys.com/en/buy-morbid-the-seven-acolytes-pc-cd-key
Ghostrunner,https://gocdkeys.com/en/buy-ghostrunner-pc-cd-key
Siege Survival: Gloria Victis,https://gocdkeys.com/en/buy-siege-survival-gloria-victis-pc-cd-key
Vault of the Void,https://gocdkeys.com/en/buy-vault-of-the-void-pc-cd-key
Revita,https://gocdkeys.com/en/buy-revita-pc-cd-key
Shiren the Wanderer: The Tower of Fortune and the Dice of Fate,https://gocdkeys.com/en/buy-shiren-the-wanderer-the-tower-of-fortune-and-the-dice-of-fate-pc-cd-key
A Plague Tale: Requiem,https://gocdkeys.com/en/buy-a-plague-tale-requiem-pc-cd-key
The Dark Pictures Anthology: Little Hope,https://gocdkeys.com/en/buy-the-dark-pictures-anthology-little-hope-pc-cd-key
Urtuk: The Desolation,https://gocdkeys.com/en/buy-urtuk-the-desolation-pc-cd-key
Mists of Noyah,https://gocdkeys.com/en/buy-mists-of-noyah-pc-cd-key
Pumpkin Jack,https://gocdkeys.com/en/buy-pumpkin-jack-pc-cd-key
Resident Evil Village,https://gocdkeys.com/en/buy-resident-evil-village-pc-cd-key
Detroit: Become Human,https://gocdkeys.com/en/buy-detroit-become-human-pc-cd-key
Hadean Tactics,https://gocdkeys.com/en/buy-hadean-tactics-pc-cd-key
Rogue Legacy 2,https://gocdkeys.com/en/buy-rogue-legacy-2-pc-cd-key
Blightbound,https://gocdkeys.com/en/buy-blightbound-pc-cd-key
DEATHLOOP,https://gocdkeys.com/en/buy-deathloop-pc-cd-key
There Is No Game: Wrong Dimension,https://gocdkeys.com/en/buy-there-is-no-game-wrong-dimension-pc-cd-key
Voidigo,https://gocdkeys.com/en/buy-voidigo-pc-cd-key
Monster Hunter Stories 2: Wings of Ruin,https://gocdkeys.com/en/buy-monster-hunter-stories-2-wings-of-ruin-pc-cd-key
Becastled,https://gocdkeys.com/en/buy-becastled-pc-cd-key
Ys IX: Monstrum Nox,https://gocdkeys.com/en/buy-ys-ix-monstrum-nox-pc-cd-key
Persona® 5 Strikers,https://gocdkeys.com/en/buy-persona-5-strikers-pc-cd-key
Dead Cells: Fatal Falls,https://gocdkeys.com/en/buy-dead-cells-fatal-falls-pc-cd-key
The Day Before,https://gocdkeys.com/en/buy-the-day-before-pc-cd-key
Across the Obelisk,https://gocdkeys.com/en/buy-across-the-obelisk-pc-cd-key
Rogue Lords,https://gocdkeys.com/en/buy-rogue-lords-pc-cd-key
Lost Ark,https://gocdkeys.com/en/buy-lost-ark-pc-cd-key
Boomerang X,https://gocdkeys.com/en/buy-boomerang-x-pc-cd-key
Chernobylite,https://gocdkeys.com/en/buy-chernobylite-pc-cd-key
30XX,https://gocdkeys.com/en/buy-30xx-pc-cd-key
Adore,https://gocdkeys.com/en/buy-adore-pc-cd-key
The Pedestrian,https://gocdkeys.com/en/buy-the-pedestrian-pc-cd-key
Edge Of Eternity,https://gocdkeys.com/en/buy-edge-of-eternity-pc-cd-key
BIOMUTANT,https://gocdkeys.com/en/buy-biomutant-pc-cd-key
Teardown,https://gocdkeys.com/en/buy-teardown-pc-cd-key
Crown Trick,https://gocdkeys.com/en/buy-crown-trick-pc-cd-key
The Alliance Alive HD Remastered,https://gocdkeys.com/en/buy-the-alliance-alive-hd-remastered-pc-cd-key
The Dungeon Of Naheulbeuk: The Amulet Of Chaos,https://gocdkeys.com/en/buy-the-dungeon-of-naheulbeuk-the-amulet-of-chaos-pc-cd-key
Ziggurat 2,https://gocdkeys.com/en/buy-ziggurat-2-pc-cd-key
"I, Dracula: Genesis",https://gocdkeys.com/en/buy-i-dracula-genesis-pc-cd-key
Total War: WARHAMMER III,https://gocdkeys.com/en/buy-total-war-warhammer-iii-pc-cd-key
Warhammer Age of Sigmar: Storm Ground,https://gocdkeys.com/en/buy-warhammer-age-of-sigmar-storm-ground-pc-cd-key
Divinity: Original Sin 2 - Definitive Edition,https://gocdkeys.com/en/buy-divinity-original-sin-2-pc-cd-key
Mount &amp; Blade II: Bannerlord,https://gocdkeys.com/en/buy-mount-blade-ii-bannerlord-pc-cd-key
STAR OCEAN™ - THE LAST HOPE -™ 4K &amp; Full HD Remaster,https://gocdkeys.com/en/buy-star-ocean-the-last-hope-pc-cd-key
Swords 'n Magic and Stuff,https://gocdkeys.com/en/buy-swords-magic-and-stuff-pc-cd-key
Death's Door,https://gocdkeys.com/en/buy-deaths-door-pc-cd-key
Spiritfarer®,https://gocdkeys.com/en/buy-spiritfarer-pc-cd-key
New Super Lucky's Tale,https://gocdkeys.com/en/buy-new-super-luckys-tale-pc-cd-key
Paper Dolls: Original / 纸人,https://gocdkeys.com/en/buy-paper-dolls-original-pc-cd-key
Baldur's Gate 3,https://gocdkeys.com/en/buy-baldurs-gate-3-pc-cd-key
Ring of Pain,https://gocdkeys.com/en/buy-ring-of-pain-pc-cd-key
Cris Tales,https://gocdkeys.com/en/buy-cris-tales-pc-cd-key
